job,arrival,started,finished,user,user_1_st,user_2_st,user_3_st,user_4_st,user_5_st
1893191447440,3.2376350235551126,41.1912328456326,42.39851222389719,5,1.73743833596369,4.052468658147213,1.932416760235145,3.759809366555541,1.2072793782645943
1893191449400,41.1912328456326,41.1912328456326,43.002170571308085,1,1.810937725675485,3.2987463421606833,3.740586938355766,2.951519287610889,2.9674928725084895
1893191448392,28.88262348414705,41.1912328456326,43.73865701344093,3,2.3231158132633674,4.573573493800223,2.5474241678083294,4.931561071069534,3.4421365802872255
1893191448728,34.00417572448887,41.1912328456326,44.13998113415086,2,2.8438330864771664,2.9487482885182636,3.578115573835062,3.330388875519817,3.8356091509791077
1893191448056,20.56139275867704,41.1912328456326,44.312642844100495,4,3.123808053655355,3.4223990216751217,4.047736081073975,3.1214099984678985,3.0127134761131673
1893191449064,39.303561017749246,57.873285239269364,59.44395018637742,4,3.4993530405721502,2.1167418045898545,2.9545782757918446,1.570664947108056,4.09845552625742
1893191498832,46.829230073818394,57.873285239269364,60.236793642333154,2,3.297152319455626,2.3635084030637903,3.4227339897765403,2.586015616523647,3.407082207670096
1893191447664,10.882386541634938,57.873285239269364,60.5477221378322,5,3.766598719209059,3.898567633576889,3.401861688174,4.425448290135827,2.674436898562841
1893191499672,57.873285239269364,57.873285239269364,60.73621325669436,1,2.862928017425,3.023476194847008,3.852658824778107,3.2994416021558184,3.651150537455807
1893191498664,46.30661586705769,57.873285239269364,61.107968505974554,3,4.202634393749834,4.007052259371105,3.2346832667051864,4.043794630636743,2.441013826121617
1893191499168,47.2774050581874,95.0458615102848,96.69335175839603,2,2.292847786062403,1.647490248111238,3.9008206188275265,2.0231066765332812,3.5591894123064516
1893191495864,46.71629002114113,95.0458615102848,96.7930726723996,5,2.975144206259886,2.723818177179033,2.884321519468088,3.0126586770276655,1.7472111621148043
1893191495752,72.70936437818855,95.0458615102848,97.31475697966812,3,2.551402749743401,1.96288408054226,2.2688954693833168,2.641720261256207,3.079788887472714
1893191512304,75.72329183985036,95.0458615102848,98.6345670330001,1,3.5887055227152986,7.131190511797079,4.721851434659624,6.011565771100671,4.692849110748977
1893191513144,95.0458615102848,95.0458615102848,99.34801674170468,4,5.515218075736108,5.084545684763413,4.936068236960282,4.302155231419889,5.269346756405661
1893191513480,105.63700403663528,126.62342559613009,127.27223031925573,4,0.7841688002843429,2.027532316158749,1.6552066705877775,0.648804723125639,1.12531809031577
1893191514152,125.09376273956353,126.62342559613009,127.99513721975195,2,2.4165037195017116,1.3717116236218623,1.4962628876846753,1.1502441021151597,2.2775978347749053
1893191513144,108.52560264126272,126.62342559613009,128.6956964534451,5,2.727301623718473,3.254647463804748,2.0876284162572905,3.41619729839124,2.072270857315007
1893191512808,89.87139149167632,126.62342559613009,129.3562720841053,3,2.8723039620295476,4.8528678041442195,2.7328464879752166,3.254291526680275,3.4878957546693217
1893191449736,63.834219659996805,126.62342559613009,130.0285586187578,1,3.4051330226277368,3.480010985861127,3.850517238809605,4.161791926216723,5.278212499619841
1893193031808,126.62342559613009,151.30723558808901,152.45325209279872,2,2.39947800339619,1.1460165047097188,1.8585548275665456,1.2994047139443963,2.2374543530582782
1893133886968,134.24471563055664,151.30723558808901,153.0905278111782,3,2.940049723003532,3.168662966338314,1.7832922230891861,2.5479704629965765,2.228512937291497
1893191512640,122.57617552743056,151.30723558808901,153.22258962735287,4,2.2708643576901535,3.106145988606737,2.372899513514881,1.915354039263872,2.9174371315319174
1893193032144,129.84899730995556,151.30723558808901,154.5568166918988,1,3.2495811038097884,3.753001155529829,3.735190538980183,4.211888731104867,4.853580960486415
1893193035168,151.30723558808901,151.30723558808901,155.0971277439415,5,4.068862335555541,6.666657565438307,4.499296006470665,4.355206217497984,3.789892155852502
1893193119672,151.98511107981201,167.72119653307115,168.4705021287737,4,2.0644717143912947,3.445378119439723,1.708828289642001,0.7493055957025515,0.9069080054379589
1893191449736,143.0690025432892,167.72119653307115,169.31306048323543,3,2.127872514353953,2.4619351375873446,1.5918639501642728,2.398574472127822,2.7195163931283317
1893191498720,151.4752009030093,167.72119653307115,169.69970877526356,5,2.0526872753719383,3.0627708532307136,2.8134271678992055,3.275538942688625,1.9785122421923946
1893193035168,167.72119653307115,167.72119653307115,169.84741799990672,2,3.479477367866787,2.126221466835576,3.6654516710334573,3.1183709076998616,5.11717152520649
1893193032368,152.47488972725856,167.72119653307115,170.15987967348738,1,2.4386831404162264,2.826888953411676,2.8013193002777435,3.4449989500451057,3.2939250672456333
1893193118160,171.13184367435147,199.57000055134688,200.33264083768546,2,2.266657214606301,0.7626402863385847,1.3574765538038756,1.5858645610594992,1.5431904944914574
1893193032480,147.80788683948063,199.57000055134688,201.56709533287685,4,3.0176596123075354,3.724781832828691,2.3985879054245776,1.9970947815299753,3.030251695267044
1893193135272,176.79331073777098,199.57000055134688,202.1366298877362,5,4.204861313017412,2.8482477574902645,3.228449679109692,1.7864846150058513,2.5666293363893202
1893191512976,166.57837126846664,199.57000055134688,202.41578371750802,1,2.845783166161146,2.5820294646280373,3.768117334638158,1.733687724210535,3.267499679582978
1893193032368,171.18819897547894,199.57000055134688,202.46989536451758,3,3.693887066284941,4.293007860348322,2.899894813170695,4.514409348275862,3.127346670923916
1893193136112,199.57000055134688,225.3396639752004,226.37980110710825,3,3.2507899604804225,2.5370618488372676,1.0401371319078438,2.0193442208770653,1.7682927189072206
1893193136952,208.45766025099724,225.3396639752004,228.26662780827291,4,5.103255056091435,2.722948754109972,4.6842169279742425,2.9269638330724925,4.368207447965411
1893193135776,177.94550716683688,225.3396639752004,228.49630214020314,2,3.8195783931004637,3.1566381650027338,3.384189402834839,3.217294410633446,4.910758301013421
1893193142344,224.63425313216078,225.3396639752004,229.00527484847757,5,4.244041855088186,4.113262203847743,5.284417516048842,4.386554141309443,3.6656108732771466
1893193136448,199.63569125104604,225.3396639752004,229.47674876941383,1,4.1370847942134175,3.690646436294975,5.69752020237989,4.066587509135924,3.9191443149384297
1893193032368,214.74211101131561,241.82518012756822,243.4237241654682,1,1.5985440378999973,2.789245580122112,2.7504058414760437,1.7367047032299845,1.7799686249023754
1893193142624,225.3396639752004,241.82518012756822,243.8727572987321,2,1.7104128010034696,2.047577171163884,3.110143123255816,2.9915313210749175,1.7376859304452907
1893193142456,234.25283491521859,241.82518012756822,244.0612269120573,4,3.7689559955058316,2.801320845861045,4.29908184028891,2.2360467844890763,4.666600515669291
1893193142960,226.14915592839006,241.82518012756822,244.10575202124858,5,3.088634663844157,3.4415549863475756,4.110201183008529,4.173414238114637,2.2805718936803645
1893193136448,232.99142692260395,241.82518012756822,245.65275880088237,3,4.539696752741167,4.94255342886127,3.827578673314149,4.5272251819228995,5.295981954215614
